1	Policia - Busos	Intendencia Policia: Busos
2	Policia - Camibusos	Intendencia Policia: Camibusos
3	Policia - Gorras	Intendencia Policia: Gorras
4	Policia - Panoletas	Intendencia Policia: Panoletas
5	Policia - Sudaderas	Intendencia Policia: Sudaderas
6	Policia - Pantalonetas	Intendencia Policia: Pantalonetas
7	Policia - Colchas	Intendencia Policia: Colchas
8	Policia - Tendidos	Intendencia Policia: Tendidos
9	Policia - Chuspas para ropa sucia	Intendencia Policia: Chuspas para ropa sucia
10	Policia - Fundas para almohadas	Intendencia Policia: Fundas para almohadas
11	Policia - Camuflados	Intendencia Policia: Camuflados
12	Ejercito - Busos	Intendencia Ejercito: Busos
13	Ejercito - Camibusos	Intendencia Ejercito: Camibusos
14	Ejercito - Gorras	Intendencia Ejercito: Gorras
15	Ejercito - Panoletas	Intendencia Ejercito: Panoletas
16	Ejercito - Sudaderas	Intendencia Ejercito: Sudaderas
17	Ejercito - Pantalonetas	Intendencia Ejercito: Pantalonetas
18	Ejercito - Colchas	Intendencia Ejercito: Colchas
19	Ejercito - Tendidos	Intendencia Ejercito: Tendidos
20	Ejercito - Chuspas para ropa sucia	Intendencia Ejercito: Chuspas para ropa sucia
21	Ejercito - Fundas para almohadas	Intendencia Ejercito: Fundas para almohadas
22	Ejercito - Camuflados	Intendencia Ejercito: Camuflados
23	Armada - Busos	Intendencia Armada: Busos
24	Armada - Camibusos	Intendencia Armada: Camibusos
25	Armada - Gorras	Intendencia Armada: Gorras
26	Armada - Panoletas	Intendencia Armada: Panoletas
27	Armada - Sudaderas	Intendencia Armada: Sudaderas
28	Armada - Pantalonetas	Intendencia Armada: Pantalonetas
29	Armada - Colchas	Intendencia Armada: Colchas
30	Armada - Tendidos	Intendencia Armada: Tendidos
31	Armada - Chuspas para ropa sucia	Intendencia Armada: Chuspas para ropa sucia
32	Armada - Fundas para almohadas	Intendencia Armada: Fundas para almohadas
33	Armada - Camuflados	Intendencia Armada: Camuflados
34	Gaula - Busos	Intendencia Gaula: Busos
35	Gaula - Camibusos	Intendencia Gaula: Camibusos
36	Gaula - Gorras	Intendencia Gaula: Gorras
37	Gaula - Panoletas	Intendencia Gaula: Panoletas
38	Gaula - Sudaderas	Intendencia Gaula: Sudaderas
39	Gaula - Pantalonetas	Intendencia Gaula: Pantalonetas
40	Gaula - Colchas	Intendencia Gaula: Colchas
41	Gaula - Tendidos	Intendencia Gaula: Tendidos
42	Gaula - Chuspas para ropa sucia	Intendencia Gaula: Chuspas para ropa sucia
43	Gaula - Fundas para almohadas	Intendencia Gaula: Fundas para almohadas
44	Gaula - Camuflados	Intendencia Gaula: Camuflados
